link,address,price,price_num,beds,bath,cars,suburb
https://www.realestate.com.au/property-apartment-nsw-sydney-425641158,"Level 29/101 Bathurst Street, Sydney, NSW 2000",$790,790.0,1,1,0,sydney
https://www.realestate.com.au/property-apartment-nsw-haymarket-425575078,"3168/65 Tumbalong Boulevard, Haymarket, NSW 2000","$1,050 per Week",1050.0,2,2,1,sydney
https://www.realestate.com.au/property-unit-nsw-haymarket-425620334,"107 Quay Street, Haymarket, NSW 2000",$70,70.0,1,1,1,sydney
https://www.realestate.com.au/property-other-nsw-sydney-425281970,"414-418 Pitt Street, Sydney, NSW 2000",$50 per week,50.0,1,1,1,sydney
https://www.realestate.com.au/property-unit-nsw-sydney-425668990,"3 Central park, Sydney, NSW 2000",$55 per week,55.0,1,0,0,sydney
https://www.realestate.com.au/property-apartment-nsw-sydney-424459278,"Car space/28 Harbour Street, Sydney, NSW 2000",$60,60.0,1,1,1,sydney
https://www.realestate.com.au/property-other-nsw-sydney-425541994,"91 Liverpool Street, Sydney, NSW 2000",$60 per week,60.0,1,1,1,sydney
https://www.realestate.com.au/property-other-nsw-sydney-425104518,"101 Bathurst street, Sydney, NSW 2000",$60 per week,60.0,1,1,1,sydney
https://www.realestate.com.au/property-apartment-nsw-sydney-425274462,"361 Sussex St, Sydney, NSW 2000",$70 per week,70.0,1,0,0,sydney
https://www.realestate.com.au/property-apartment-nsw-sydney-425635338,"car space/336 sussex st, Sydney, NSW 2000",$75 per week,75.0,1,0,0,sydney
https://www.realestate.com.au/property-other-nsw-sydney-425669986,"56/336  Sussex Street Carpark, Sydney, NSW 2000",$80 per week,80.0,1,1,0,sydney
https://www.realestate.com.au/property-house-nsw-sydney-424100426,"62 Inverness Avenue, Penshurst, Sydney, NSW 2000",$310 per week,310.0,1,1,0,sydney
https://www.realestate.com.au/property-other-nsw-sydney-418383678,"CAR SPACE - 393 Pitt Street, Sydney, NSW 2000",...from $350 per month,350.0,1,1,1,sydney
https://www.realestate.com.au/property-studio-nsw-sydney-425543902,"103/4 Bridge Street, Sydney, NSW 2000",$430,430.0,1,0,0,sydney
https://www.realestate.com.au/property-studio-nsw-sydney-425324474,"7/121 King Street, Sydney, NSW 2000",$400 per week,400.0,1,0,0,sydney
https://www.realestate.com.au/property-apartment-nsw-sydney-425691766,"1007/148 Elizabeth Street, Sydney, NSW 2000",$520,520.0,1,0,0,sydney
https://www.realestate.com.au/property-studio-nsw-sydney-425549718,"263/27 Park Street, Sydney, NSW 2000",$475 per week,475.0,1,1,0,sydney
https://www.realestate.com.au/property-apartment-nsw-sydney-401533367,"134/2-8 Dixon Street, Sydney, NSW 2000",$470 per Week,470.0,1,0,0,sydney
https://www.realestate.com.au/property-apartment-nsw-sydney-425499682,"275/27 Park Street, Sydney, NSW 2000",Deposit taken after first open!,,1,1,0,sydney
https://www.realestate.com.au/property-apartment-nsw-sydney-425559810,"291/27 Park Street, Sydney, NSW 2000",$590.00 Per Week,295.0,1,1,0,sydney
https://www.realestate.com.au/property-apartment-nsw-sydney-425555242,"503/710-722 George Street, Sydney, NSW 2000",$550 Per Week,550.0,1,1,0,sydney
https://www.realestate.com.au/property-apartment-nsw-sydney-425304458,"103/361 Sussex Street, Sydney, NSW 2000",$550,550.0,1,1,0,sydney
https://www.realestate.com.au/property-apartment-nsw-haymarket-410179603,"150/107 Quay Street, Haymarket, NSW 2000",$520 per week,520.0,1,0,0,sydney
https://www.realestate.com.au/property-apartment-nsw-sydney-402797460,"908/348-352 Sussex Street, Sydney, NSW 2000",$520 per week,520.0,1,0,0,sydney
https://www.realestate.com.au/property-apartment-nsw-sydney-402023132,"150/107 Quay Street, Sydney, NSW 2000",$520 per week,520.0,1,0,0,sydney
https://www.realestate.com.au/property-apartment-nsw-sydney-402145881,"201/27 Park Street, Sydney, NSW 2000",$520 per week,520.0,1,1,0,sydney
https://www.realestate.com.au/property-apartment-nsw-sydney-423938950,"550B/317 Castlereagh St, Sydney, NSW 2000",$530 per week,530.0,1,0,0,sydney
https://www.realestate.com.au/property-apartment-nsw-sydney-407282526,"1103/148 Elizabeth Street, Sydney, NSW 2000",$530 per Week,530.0,1,0,0,sydney
https://www.realestate.com.au/property-apartment-nsw-sydney-410958467,"12/365 Kent Street, Sydney, NSW 2000",$530 per week,530.0,1,1,0,sydney
https://www.realestate.com.au/property-studio-nsw-sydney-412133979,"2303/91 Liverpool St, Sydney, NSW 2000",$530 per week,530.0,1,0,0,sydney
https://www.realestate.com.au/property-unit-nsw-sydney-412630859,"31-43 King Street, Sydney, NSW 2000",$540 per week,540.0,1,1,0,sydney
https://www.realestate.com.au/property-studio-nsw-sydney-425567066,"3  Carlton St, Sydney, NSW 2000",520-540,,1,0,0,sydney
https://www.realestate.com.au/property-studio-nsw-haymarket-425505414,"studio/107 quay street, Haymarket, NSW 2000",$540 per week,540.0,1,0,0,sydney
https://www.realestate.com.au/property-apartment-nsw-sydney-425690598,"104 Clarence St, Sydney, NSW 2000",$550,550.0,1,1,0,sydney
https://www.realestate.com.au/property-apartment-nsw-sydney-425687086,"38 Bridge St, Sydney, NSW 2000",$550,550.0,1,1,0,sydney
https://www.realestate.com.au/property-apartment-nsw-sydney-425674986,"352 Sussex st, Sydney, NSW 2000",$550 per week,550.0,1,1,0,sydney
https://www.realestate.com.au/property-unit-nsw-sydney-420336638,"114 Clarence Street, Sydney, NSW 2000",$550 per week,550.0,1,1,0,sydney
https://www.realestate.com.au/property-unit-nsw-sydney-423942518,"114 Clarence Street, Sydney, NSW 2000",$550 per week,550.0,1,1,0,sydney
https://www.realestate.com.au/property-apartment-nsw-sydney-402272766,"38 Bridge Street, Sydney, NSW 2000",$550 per week,550.0,1,1,0,sydney
https://www.realestate.com.au/property-apartment-nsw-sydney-425588874,"206/45 Shelley Street, Sydney, NSW 2000",DEPOSIT TAKEN,,1,1,0,sydney
https://www.realestate.com.au/property-apartment-nsw-sydney-425479510,"306/187 Kent Street, Sydney, NSW 2000",$580,580.0,1,1,0,sydney
https://www.realestate.com.au/property-apartment-nsw-sydney-425482178,"1308/197-199 Castlereagh Street, Sydney, NSW...",$550 per week,550.0,1,1,0,sydney
https://www.realestate.com.au/property-apartment-nsw-sydney-425419942,"289-295 Sussex Street, Sydney, NSW 2000",$550 per week,550.0,1,1,1,sydney
https://www.realestate.com.au/property-studio-nsw-sydney-425370654,"2507/393 Pitt Street, Sydney, NSW 2000",$550 per week,550.0,1,0,0,sydney
https://www.realestate.com.au/property-apartment-nsw-sydney-425668058,"365 Kent Street, Sydney, NSW 2000",$560 per week,560.0,1,1,0,sydney
https://www.realestate.com.au/property-apartment-nsw-millers+point-421836694,"187 Kent Street, Millers Point, NSW 2000",DEPOSIT TAKEN,,1,0,0,sydney
https://www.realestate.com.au/property-apartment-nsw-sydney-404675396,"1805/348 Sussex  Street, Sydney, NSW 2000",$565 per Week,565.0,1,1,0,sydney
https://www.realestate.com.au/property-apartment-nsw-sydney-425497182,"187 Kent St, Sydney, NSW 2000",DEPOSIT TAKEN,,1,1,0,sydney
https://www.realestate.com.au/property-apartment-nsw-sydney-423192526,"3507a/91 Liverpool St, Sydney, NSW 2000",$575 Per Week,575.0,1,0,0,sydney
https://www.realestate.com.au/property-apartment-nsw-sydney-425658422,"303 Castlereagh St, Sydney, NSW 2000",$580 per week,580.0,1,1,1,sydney
https://www.realestate.com.au/property-apartment-nsw-sydney-425633258,"17-25 Wentworth Avenue, Sydney, NSW 2000",- Deposit Taken -,,1,1,0,sydney
https://www.realestate.com.au/property-apartment-nsw-haymarket-425611426,"Level 32/2 Quay Street, Haymarket, NSW 2000",$580,580.0,1,1,0,sydney
https://www.realestate.com.au/property-apartment-nsw-sydney-425583474,"38 Bridge St, Sydney, NSW 2000",$580,580.0,1,1,0,sydney
https://www.realestate.com.au/property-apartment-nsw-sydney-425368234,"101 Bathurst Street, Sydney, NSW 2000",Level 35| $580 PW,580.0,1,1,0,sydney
https://www.realestate.com.au/property-apartment-nsw-sydney-425687882,"25 Market St, Sydney, NSW 2000",$590,590.0,1,1,0,sydney
https://www.realestate.com.au/property-apartment-nsw-sydney-425667986,"2906/393 Pitt Street, Sydney, NSW 2000",$590 Per Week,590.0,1,1,0,sydney
https://www.realestate.com.au/property-apartment-nsw-sydney-422757234,"158-166 Day Street, Sydney, NSW 2000",$590 per week,590.0,1,1,0,sydney
https://www.realestate.com.au/property-apartment-nsw-sydney-425440638,"85-87 Kent Street, Sydney, NSW 2000",$615 PW,615.0,1,1,0,sydney
https://www.realestate.com.au/property-apartment-nsw-sydney-425424890,"14/259 Clarence Street, Sydney, NSW 2000",$590,590.0,1,1,0,sydney
https://www.realestate.com.au/property-apartment-nsw-sydney-425687238,"38 Bridge St, Sydney, NSW 2000",$595,595.0,1,1,0,sydney
https://www.realestate.com.au/property-apartment-nsw-sydney-425647370,"25 Market St, Sydney, NSW 2000",$595,595.0,1,1,0,sydney
https://www.realestate.com.au/property-unit-nsw-sydney-415791951,"37-43 King Street, Sydney, NSW 2000",$595 per week,595.0,1,1,0,sydney
https://www.realestate.com.au/property-apartment-nsw-haymarket-425150290,"3027/65 Tumbalong BLVD, Haymarket, NSW 2000",Deposit taken!,,1,1,0,sydney
https://www.realestate.com.au/property-unit-nsw-sydney-421118294,"37-43  King Street, Sydney, NSW 2000",$595 per week,595.0,1,1,0,sydney
https://www.realestate.com.au/property-apartment-nsw-haymarket-425674206,"Lvl 10/6 Little Hay Street, Haymarket, NSW 2000",...week with nice view,,1,1,0,sydney
https://www.realestate.com.au/property-apartment-nsw-sydney-420075474,"251/298 Sussex Street, Sydney, NSW 2000",$600 per week,600.0,1,1,0,sydney
https://www.realestate.com.au/property-apartment-nsw-sydney-414330867,"714/37-43 King Street, Sydney, NSW 2000",$600 Per Week,600.0,1,1,0,sydney
https://www.realestate.com.au/property-apartment-nsw-sydney-425608842,"909/23 Shelley Street, Sydney, NSW 2000",$625pw,,1,1,0,sydney
https://www.realestate.com.au/property-apartment-nsw-sydney-425606834,"1305/209 Castlereagh St, Sydney, NSW 2000",Offers Invited,,1,1,0,sydney
https://www.realestate.com.au/property-unit-nsw-sydney-410741695,"37  King Street, Sydney, NSW 2000",$600 per week,600.0,1,1,0,sydney
https://www.realestate.com.au/property-apartment-nsw-sydney-425577514,"Level 16 352 Sussex Street, Sydney, NSW 2000",$620 per week,620.0,1,1,0,sydney
https://www.realestate.com.au/property-apartment-nsw-sydney-425546034,"214/569 George Street, Sydney, NSW 2000",$600 per week,600.0,1,1,0,sydney
https://www.realestate.com.au/property-unit-nsw-sydney-420619582,"37-43 King Street, Sydney, NSW 2000",$600 per week,600.0,1,1,0,sydney
https://www.realestate.com.au/property-apartment-nsw-sydney-425476762,"1607/188 Day Street, Sydney, NSW 2000",DEPOSIT TAKEN,,1,1,0,sydney
https://www.realestate.com.au/property-apartment-nsw-sydney-425476666,"1506/718 George Street, Sydney, NSW 2000",$600 per week,600.0,1,1,0,sydney
https://www.realestate.com.au/property-apartment-nsw-sydney-425429410,"18xx/91 Liverpool Street, Sydney, NSW 2000",$650,650.0,1,1,0,sydney
https://www.realestate.com.au/property-apartment-nsw-sydney-410297043,"212/158 DAY STREET, Sydney, NSW 2000",$600 per week,600.0,1,1,1,sydney
https://www.realestate.com.au/property-apartment-nsw-haymarket-424425486,"908/2 Quay Street, Haymarket, NSW 2000",$630,630.0,1,1,0,sydney
https://www.realestate.com.au/property-studio-nsw-sydney-425382546,"69/361 Kent Street, Sydney, NSW 2000",$600 per week,600.0,1,0,0,sydney
https://www.realestate.com.au/property-apartment-nsw-sydney-417822502,"L15/569 George Street, Sydney, NSW 2000",$610 Per Week,610.0,1,1,0,sydney
https://www.realestate.com.au/property-apartment-nsw-sydney-425190394,"38 YORK STREET, Sydney, NSW 2000",From $685 - $700 per week,692.5,1,0,0,sydney
https://www.realestate.com.au/property-studio-nsw-sydney-423942482,"48/361 Kent Street, Sydney, NSW 2000",$610 per week,610.0,1,0,0,sydney
https://www.realestate.com.au/property-apartment-nsw-sydney-425674422,"343 Pitt Street, Sydney, NSW 2000",$620 per week,620.0,1,1,0,sydney
https://www.realestate.com.au/property-apartment-nsw-sydney-425672710,"1007/710 George Street, Sydney, NSW 2000",$620 per week,620.0,1,1,0,sydney
https://www.realestate.com.au/property-apartment-nsw-sydney-425593942,"514/35 Shelley Street, Sydney, NSW 2000",DEPOSIT TAKEN,,1,1,0,sydney
https://www.realestate.com.au/property-apartment-nsw-sydney-425534522,"9/91 Goulburn Street, Sydney, NSW 2000",$620 per week,620.0,1,1,0,sydney
https://www.realestate.com.au/property-apartment-nsw-haymarket-422254682,"N9.09/33 Ultimo Road, Haymarket, NSW 2000",LEASED,,1,1,0,sydney
https://www.realestate.com.au/property-terrace-nsw-sydney-425520798,"A1/69 Windmill Street, Sydney, NSW 2000",$620 p.w.,620.0,2,1,0,sydney
https://www.realestate.com.au/property-studio-nsw-sydney-425511514,"187 Kent Street, Sydney, NSW 2000",$620,620.0,1,1,0,sydney
https://www.realestate.com.au/property-apartment-nsw-sydney-418843842,"L17/569 George Street, Sydney, NSW 2000",$620 Per Week,620.0,1,1,0,sydney
https://www.realestate.com.au/property-apartment-nsw-sydney-425475014,"2101/343 Pitt Street, Sydney, NSW 2000",$620 Per Week,620.0,1,1,0,sydney
https://www.realestate.com.au/property-unit-nsw-haymarket-421113770,"1209/33 Ultimo Road, Haymarket, NSW 2000",$620 per week,620.0,1,1,0,sydney
https://www.realestate.com.au/property-apartment-nsw-sydney-425297814,"1605/348 Sussex St, Sydney, NSW 2000",$620 Per Week,620.0,1,1,0,sydney
https://www.realestate.com.au/property-apartment-nsw-haymarket-425283254,"1098/1 Steam Mill Lane, Haymarket, NSW 2000",$620 per week,620.0,1,1,0,sydney
https://www.realestate.com.au/property-apartment-nsw-haymarket-425230146,"1098/1 Steam Mill Lane, Haymarket, NSW 2000",$620 per Week,620.0,1,1,0,sydney
https://www.realestate.com.au/property-apartment-nsw-sydney-425683830,"23 Shelley Street, Sydney, NSW 2000",$625 p/week,625.0,1,1,0,sydney
https://www.realestate.com.au/property-apartment-nsw-sydney-417563598,"21/91 Goulbourn Street, Sydney, NSW 2000",$625 per week,625.0,1,1,0,sydney
https://www.realestate.com.au/property-apartment-nsw-sydney-425612674,"Level 1/33 Ultimo Road, Sydney, NSW 2000",$630,630.0,1,1,0,sydney
https://www.realestate.com.au/property-apartment-nsw-sydney-418798666,"1 bed/158-166 Day Street, Sydney, NSW 2000",$630 per week,630.0,1,1,1,sydney
https://www.realestate.com.au/property-apartment-nsw-sydney-425263046,"2 York Street, Sydney, NSW 2000",$630,630.0,1,1,0,sydney
https://www.realestate.com.au/property-apartment-nsw-haymarket-425138638,"10/414-418 Pitt Street, Haymarket, NSW 2000",$630 per week,630.0,1,1,0,sydney
https://www.realestate.com.au/property-apartment-nsw-sydney-419535578,"41/17-25 wentworth ave, Sydney, NSW 2000",$635 per week,635.0,1,1,0,sydney
https://www.realestate.com.au/property-apartment-nsw-sydney-425685214,"393 Pitt St, Sydney, NSW 2000",$640 per week,640.0,1,1,1,sydney
https://www.realestate.com.au/property-unit-nsw-haymarket-425600682,"N607/33 Ultimo Road, Haymarket, NSW 2000",$640 per week,640.0,1,1,0,sydney
https://www.realestate.com.au/property-apartment-nsw-sydney-425652966,"187 Kent St, Sydney, NSW 2000",$645,645.0,1,1,0,sydney
https://www.realestate.com.au/property-studio-nsw-sydney-410396659,"Sydney, address available on request",$645 per week,645.0,1,1,0,sydney
https://www.realestate.com.au/property-apartment-nsw-sydney-425691270,"507/45 Shelley Street, Sydney, NSW 2000",$680.00,340.0,1,1,1,sydney
https://www.realestate.com.au/property-apartment-nsw-sydney-425640234,"501/161 Clarence Street, Sydney, NSW 2000",$650,650.0,1,0,0,sydney
https://www.realestate.com.au/property-apartment-nsw-sydney-406466611,"298-304 Sussex Street, Sydney, NSW 2000",$650 per week,650.0,1,1,1,sydney
https://www.realestate.com.au/property-apartment-nsw-sydney-425606090,"365 Kent Street, Sydney, NSW 2000",Leased,,1,1,0,sydney
https://www.realestate.com.au/property-apartment-nsw-sydney-425583478,"38 Bridge Street, Sydney, NSW 2000",DEPOSIT TAKEN,,1,1,0,sydney
https://www.realestate.com.au/property-apartment-nsw-sydney-425559058,"1045/1 Steam Mill Lane, Sydney, NSW 2000",$700 per week,700.0,1,1,0,sydney
https://www.realestate.com.au/property-apartment-nsw-sydney-425545870,"402/2 York Street, Sydney, NSW 2000",$680 per week,680.0,1,1,1,sydney
https://www.realestate.com.au/property-apartment-nsw-sydney-418861834,"2701/343 Pitt st, Sydney, NSW 2000",$650 per week,650.0,1,1,1,sydney
https://www.realestate.com.au/property-apartment-nsw-sydney-410833107,"505/38 College, Sydney, NSW 2000",$650 per week,650.0,1,1,0,sydney
https://www.realestate.com.au/property-unit-nsw-sydney-424959018,"23 Shelley Street, Sydney, NSW 2000",$650 per week,650.0,1,1,0,sydney
https://www.realestate.com.au/property-unit-nsw-sydney-424409878,"161 Clarence Street, Sydney, NSW 2000",From $650.00 Per Week,325.0,1,0,0,sydney
https://www.realestate.com.au/property-apartment-nsw-sydney-424067634,"Unit 298/298-304 Sussex St, Sydney, NSW 2000",...Plus Timber Floor,,1,1,0,sydney
https://www.realestate.com.au/property-apartment-nsw-sydney-425320818,"38 Bridge Street, Sydney, NSW 2000",$695 PW,695.0,1,1,0,sydney
https://www.realestate.com.au/property-apartment-nsw-sydney-425644970,"1307/161 Clarence St, Sydney, NSW 2000",$675 Deposit taken,675.0,1,1,0,sydney
https://www.realestate.com.au/property-apartment-nsw-sydney-425668070,"365 Kent Street, Sydney, NSW 2000",$680 per week,680.0,1,1,0,sydney
https://www.realestate.com.au/property-apartment-nsw-sydney-425658722,"1409/100 Gloucester Street, Sydney, NSW 2000",$695.00,347.5,1,1,0,sydney
https://www.realestate.com.au/property-apartment-nsw-sydney-425645374,"4 Bridge St, Sydney, NSW 2000",$680,680.0,1,1,0,sydney
https://www.realestate.com.au/property-apartment-nsw-sydney-415967449,"110/361 Kent Street, Sydney, NSW 2000",$680 per week,680.0,1,1,1,sydney
https://www.realestate.com.au/property-apartment-nsw-sydney-425484714,"315/569 George Street, Sydney, NSW 2000",$680 per week,680.0,1,1,1,sydney
https://www.realestate.com.au/property-apartment-nsw-sydney-425536798,"811/197-199 Castlereagh Street, Sydney, NSW 2000",$695 per week,695.0,1,1,1,sydney
https://www.realestate.com.au/property-apartment-nsw-sydney-425341954,"23 Shelley Street, Sydney, NSW 2000",$695 P/Week,695.0,1,1,0,sydney
https://www.realestate.com.au/property-apartment-nsw-haymarket-425673446,"Lvl 16/6 Liittle Hay Street, Haymarket, NSW 2000",... WITH FURNITURE,,1,1,0,sydney
https://www.realestate.com.au/property-apartment-nsw-sydney-425646082,"315/569-581 George Street, Sydney, NSW 2000",$700 Per Week,700.0,1,1,1,sydney
https://www.realestate.com.au/property-apartment-nsw-sydney-425626102,"315/569-581 George Street, Sydney, NSW 2000",$700 Per Week,700.0,1,1,1,sydney
https://www.realestate.com.au/property-apartment-nsw-sydney-425602010,"801/38 York Street, Sydney, NSW 2000",$900.00,450.0,1,1,0,sydney
https://www.realestate.com.au/property-apartment-nsw-sydney-421626802,"1042/1 Steam Mill Lane, Sydney, NSW 2000",...Furnished at $1000/W,,1,1,0,sydney
https://www.realestate.com.au/property-apartment-nsw-sydney-416453405,"68/278 Sussex Street, Sydney, NSW 2000",$700 per week,700.0,2,1,0,sydney
https://www.realestate.com.au/property-apartment-nsw-sydney-425511166,"510/168 Kent Street, Sydney, NSW 2000",$700 per week,700.0,1,1,1,sydney
https://www.realestate.com.au/property-apartment-nsw-haymarket-425481358,"Lvl 13/6 Little Hay Street, Haymarket, NSW 2000",... WITH FURNITURE,,1,1,0,sydney
https://www.realestate.com.au/property-apartment-nsw-haymarket-425481294,"Lvl 13/6 Little Hay Street, Haymarket, NSW 2000",... WITH FURNITURE,,1,1,0,sydney
https://www.realestate.com.au/property-apartment-nsw-haymarket-425480142,"Lvl 12/6 Little Hay Street, Haymarket, NSW 2000",...BEDROOM WITH FURNITURE,,1,1,0,sydney
https://www.realestate.com.au/property-apartment-nsw-haymarket-425480122,"Lvl 12/6 Little Hay Street, Haymarket, NSW 2000",... $760 PER WEEK!,760.0,1,1,0,sydney
https://www.realestate.com.au/property-apartment-nsw-haymarket-425480090,"Lvl 12/6 Little Hay Street, Haymarket, NSW 2000",...+ Study $760 Per Week,760.0,1,1,0,sydney
https://www.realestate.com.au/property-apartment-nsw-sydney-425275522,"20/259-261 Clarence Street, Sydney, NSW 2000",$780.00,390.0,2,2,0,sydney
https://www.realestate.com.au/property-studio-nsw-sydney-423638846,"222/27 Park Street, Sydney, NSW 2000","... internet, linens",,1,0,0,sydney
https://www.realestate.com.au/property-apartment-nsw-sydney-424905506,"38-42 Bridge Street, Sydney, NSW 2000",$705.00 per week,352.5,1,1,0,sydney
https://www.realestate.com.au/property-apartment-nsw-sydney-421013742,"4005/91  Liverpool Street, Sydney, NSW 2000",Deposit Taken,,1,1,0,sydney
https://www.realestate.com.au/property-apartment-nsw-haymarket-423558282,"Haymarket, address available on request",$715 per week,715.0,1,1,0,sydney
https://www.realestate.com.au/property-apartment-nsw-sydney-425616198,"11/259-261 Clarence Street, Sydney, NSW 2000",$720 Per Week,720.0,1,1,0,sydney
https://www.realestate.com.au/property-apartment-nsw-sydney-419668854,"322/298 Sussex Street, Sydney, NSW 2000",$720 per week,720.0,1,1,0,sydney
https://www.realestate.com.au/property-apartment-nsw-sydney-425566842,"336 Sussex  Street, Sydney, NSW 2000",$720 per week,720.0,2,1,0,sydney
https://www.realestate.com.au/property-unit-nsw-sydney-422458262,"930/187 Kent st, Sydney, NSW 2000",Leased,,1,1,0,sydney
https://www.realestate.com.au/property-apartment-nsw-sydney-425549986,"608/168 Kent Street, Sydney, NSW 2000",$720 per week,720.0,1,1,1,sydney
https://www.realestate.com.au/property-apartment-nsw-haymarket-425538262,"1151/1 Steam Mill Lane, Haymarket, NSW 2000",$710 | $760 Furnished,735.0,1,1,0,sydney
https://www.realestate.com.au/property-apartment-nsw-haymarket-425017926,"Level 4/1 Steam Mill Lane, Haymarket, NSW 2000",... Inspection cancelled,,1,1,0,sydney
https://www.realestate.com.au/property-apartment-nsw-sydney-425662362,"45 Shelley Street, Sydney, NSW 2000",$725 p/week,725.0,1,1,0,sydney
https://www.realestate.com.au/property-apartment-nsw-sydney-425577554,"38 Bridge Street, Sydney, NSW 2000",$725 per week,725.0,1,1,0,sydney
https://www.realestate.com.au/property-apartment-nsw-sydney-424656682,"1507/161 Clarence, Sydney, NSW 2000",$730 per week,730.0,1,1,0,sydney
https://www.realestate.com.au/property-apartment-nsw-sydney-425572878,"25 Market St, Sydney, NSW 2000",DEPOSIT TAKEN,,2,2,0,sydney
https://www.realestate.com.au/property-apartment-nsw-sydney-425478282,"2409/101 Bathurst Street, Sydney, NSW 2000",$730 per week,730.0,1,1,0,sydney
https://www.realestate.com.au/property-apartment-nsw-sydney-425353902,"298-306 Sussex Street, Sydney, NSW 2000",$730 per week,730.0,1,1,1,sydney
https://www.realestate.com.au/property-apartment-nsw-sydney-425317366,"3113B/91 Liverpool Street, Sydney, NSW 2000",$730 p/w,730.0,1,1,1,sydney
https://www.realestate.com.au/property-apartment-nsw-sydney-419031946,"2510/91 LIVERPOOL STREET, Sydney, NSW 2000",$750 per week,750.0,1,1,1,sydney
https://www.realestate.com.au/property-apartment-nsw-sydney-425658218,"904/38 York Street, Sydney, NSW 2000",$750 per week,750.0,1,1,0,sydney
https://www.realestate.com.au/property-apartment-nsw-sydney-425636162,"1106/127 Kent Street, Sydney, NSW 2000",$750,750.0,1,1,0,sydney
https://www.realestate.com.au/property-apartment-nsw-sydney-422984806,"101 Bathurst St, Sydney, NSW 2000",Level 25 | $750 PW,387.5,1,1,0,sydney
https://www.realestate.com.au/property-apartment-nsw-haymarket-425606918,"3222/65 Tumbalong Boulevard, Haymarket, NSW 2000",$760 Per Week,760.0,1,1,1,sydney
https://www.realestate.com.au/property-apartment-nsw-sydney-425593662,"21/44 Bridge Street, Sydney, NSW 2000",$780,780.0,2,1,0,sydney
https://www.realestate.com.au/property-apartment-nsw-sydney-425578554,"38 York Street, Sydney, NSW 2000",CONTACT AGENT,,1,1,0,sydney
https://www.realestate.com.au/property-apartment-nsw-sydney-425557118,"2 York St, Sydney, NSW 2000",$750,750.0,1,1,0,sydney
https://www.realestate.com.au/property-apartment-nsw-sydney-425552802,"N707/23 Shelley Street, Sydney, NSW 2000",$790,790.0,1,1,1,sydney
https://www.realestate.com.au/property-apartment-nsw-haymarket-425544894,"1 Steam Mill Lane, Haymarket, NSW 2000",$770,770.0,1,1,0,sydney
https://www.realestate.com.au/property-apartment-nsw-sydney-425541578,"L43/93 Liverpool Street, Sydney, NSW 2000",$750 Per Week,750.0,1,1,1,sydney
https://www.realestate.com.au/property-apartment-nsw-sydney-413961555,"2613/91 Liverpool St, Sydney, NSW 2000",$750 per week,750.0,1,1,1,sydney
https://www.realestate.com.au/property-terrace-nsw-sydney-425520794,"A2/69 Windmill Street, Sydney, NSW 2000",$750 p.w.,750.0,3,1,0,sydney
https://www.realestate.com.au/property-apartment-nsw-sydney-425509394,"101 Bathurst Street, Sydney, NSW 2000",Level 20 I $750 PW,385.0,1,1,0,sydney
https://www.realestate.com.au/property-unit-nsw-sydney-425483778,"Level 26/199 Castlereagh Street, Sydney, NSW...",$780,780.0,2,2,1,sydney
https://www.realestate.com.au/property-apartment-nsw-sydney-425368538,"38 YORK STREET, Sydney, NSW 2000",CONTACT AGENT,,1,1,0,sydney
https://www.realestate.com.au/property-apartment-nsw-sydney-425284646,"38 YORK STREET, Sydney, NSW 2000",CONTACT AGENT,,1,1,0,sydney
https://www.realestate.com.au/property-apartment-nsw-sydney-425188702,"38 YORK STREET, Sydney, NSW 2000",CONTACT AGENT,,1,1,0,sydney
https://www.realestate.com.au/property-apartment-nsw-sydney-424740946,"1507/161 Clarence St, Sydney, NSW 2000",$700-750,,1,1,0,sydney
https://www.realestate.com.au/property-apartment-nsw-sydney-421918074,"1009/127 Kent Street, Sydney, NSW 2000",Leased,,1,1,0,sydney
https://www.realestate.com.au/property-apartment-nsw-sydney-425627794,"2814/91 Liverpool st, Sydney, NSW 2000",$770 per week,770.0,1,1,0,sydney
https://www.realestate.com.au/property-unit-nsw-haymarket-425536170,"1245/1 Steam Mill Lane, Haymarket, NSW 2000",$770 per week,770.0,1,1,0,sydney
https://www.realestate.com.au/property-apartment-nsw-sydney-425247126,"113/110 Sussex Street, Sydney, NSW 2000",$770 per week,770.0,1,1,1,sydney
https://www.realestate.com.au/property-apartment-nsw-sydney-425514162,"Level 32/197 Castlereagh Street, Sydney, NSW...",$780,780.0,1,1,1,sydney
https://www.realestate.com.au/property-unit-nsw-sydney-411530363,"1809/101 Bathurst Street, Sydney, NSW 2000",$780 per week,780.0,1,1,0,sydney
https://www.realestate.com.au/property-apartment-nsw-sydney-423635722,"157 Liverpool St, Sydney, NSW 2000",$780 per week,780.0,1,1,0,sydney
https://www.realestate.com.au/property-apartment-nsw-haymarket-416843758,"N1509/33 Ultimo Rd, Haymarket, NSW 2000",$780 per week,780.0,1,1,0,sydney
https://www.realestate.com.au/property-apartment-nsw-sydney-425668226,"1605/38  york st, Sydney, NSW 2000",$785 per week,785.0,1,1,0,sydney
https://www.realestate.com.au/property-apartment-nsw-sydney-421003542,"181/57 Liverpool St, Sydney, NSW 2000",$800 per week,800.0,2,2,0,sydney
https://www.realestate.com.au/property-apartment-nsw-sydney-425660734,"1905/38 York Street, Sydney, NSW 2000",$800 per week,800.0,1,1,0,sydney
https://www.realestate.com.au/property-apartment-nsw-sydney-425645662,"129 Harrington Street, Sydney, NSW 2000",$800,800.0,1,1,1,sydney
https://www.realestate.com.au/property-apartment-nsw-sydney-425634694,"3308/38 York St, Sydney, NSW 2000",$800 per week,800.0,1,1,0,sydney
https://www.realestate.com.au/property-apartment-nsw-haymarket-423986998,"2602/2  Cunningham Street, Haymarket, NSW 2000",$800 per week,800.0,2,2,0,sydney
https://www.realestate.com.au/property-apartment-nsw-sydney-425578742,"38 York Street, Sydney, NSW 2000",CONTACT AGENT,,1,1,0,sydney
https://www.realestate.com.au/property-apartment-nsw-haymarket-425347154,"1134/1 Steam Mill Lane, Haymarket, NSW 2000",$800 per week,800.0,1,1,1,sydney
https://www.realestate.com.au/property-apartment-nsw-sydney-403153738,"416/23 Shelley Street, Sydney, NSW 2000",$800 per week,800.0,2,1,0,sydney
https://www.realestate.com.au/property-apartment-nsw-sydney-424600446,"2 Bond Street, Sydney, NSW 2000",$800 p/week,800.0,1,1,0,sydney
https://www.realestate.com.au/property-apartment-nsw-haymarket-422929998,"N 506/33 Ultimo Rd, Haymarket, NSW 2000",$815 per week,815.0,2,1,0,sydney
https://www.realestate.com.au/property-apartment-nsw-sydney-425675098,"Unit 2/515 Kent St, Sydney, NSW 2000",...Inspection More Wanted,,2,2,1,sydney
https://www.realestate.com.au/property-apartment-nsw-sydney-425668042,"Level 3/158 Day Street, Sydney, NSW 2000",$820,820.0,2,2,1,sydney
https://www.realestate.com.au/property-apartment-nsw-sydney-425632314,"3203/38 York Street, Sydney, NSW 2000",$820 per week,820.0,1,1,0,sydney
https://www.realestate.com.au/property-apartment-nsw-sydney-425524294,"569 George Street, Sydney, NSW 2000",$820 per week,820.0,2,2,1,sydney
https://www.realestate.com.au/property-apartment-nsw-sydney-418851962,"420/303 Castlereagh St, Sydney, NSW 2000",$820 per week,820.0,2,2,0,sydney
https://www.realestate.com.au/property-apartment-nsw-sydney-425672654,"287/158 Day Street, Sydney, NSW 2000",$825,825.0,2,2,0,sydney
https://www.realestate.com.au/property-apartment-nsw-sydney-425593706,"165/303 Castlereagh St, Sydney, NSW 2000",$825,825.0,2,2,1,sydney
https://www.realestate.com.au/property-apartment-nsw-sydney-425440278,"515 Kent Street, Sydney, NSW 2000",$850 PW,850.0,2,2,1,sydney
https://www.realestate.com.au/property-apartment-nsw-haymarket-423455882,"3109/65 Tumberlong Boulevard, Haymarket, NSW...",...$830 per week,830.0,1,1,0,sydney
https://www.realestate.com.au/property-apartment-nsw-sydney-425623470,"27/289 SUSSEX ST, Sydney, NSW 2000",$830 per week,830.0,2,2,1,sydney
https://www.realestate.com.au/property-apartment-nsw-sydney-425600138,"38 York Street, Sydney, NSW 2000",DEPOSIT TAKEN,,1,1,0,sydney
https://www.realestate.com.au/property-apartment-nsw-haymarket-425061514,"3291/65 Tumbalong Boulevard, Haymarket, NSW 2000",$830 per week,830.0,2,1,0,sydney
https://www.realestate.com.au/property-apartment-nsw-sydney-425656118,"Level 21/515 Kent Street, Sydney, NSW 2000",$835,835.0,2,2,1,sydney
https://www.realestate.com.au/property-apartment-nsw-sydney-425580522,"371/303  Castlereagh Street, Sydney, NSW 2000",$840 per week,840.0,2,2,0,sydney
https://www.realestate.com.au/property-apartment-nsw-sydney-418139886,"1208/5 York St, Sydney, NSW 2000",$840 per week,840.0,1,1,0,sydney
https://www.realestate.com.au/property-apartment-nsw-sydney-425675490,"Lvl 25/591 George Street, Sydney, NSW 2000",$970 per week,970.0,2,2,1,sydney
https://www.realestate.com.au/property-apartment-nsw-sydney-425678602,"38 YORK STREET, Sydney, NSW 2000",$850 per week,850.0,1,1,0,sydney
https://www.realestate.com.au/property-apartment-nsw-sydney-410817519,"2403/197 Castlereagh Street, Sydney, NSW 2000",$850 per week,850.0,2,2,1,sydney
https://www.realestate.com.au/property-apartment-nsw-the+rocks-425640426,"909/96-118 Gloucester Street, The Rocks, NSW...",$850 per week,850.0,1,1,0,sydney
https://www.realestate.com.au/property-apartment-nsw-millers+point-425637862,"17 Dalgety Street, Millers Point, NSW 2000",$850,850.0,2,1,0,sydney
https://www.realestate.com.au/property-apartment-nsw-haymarket-425629294,"2404/2 Cunningham Street, Haymarket, NSW 2000",$850 per week,850.0,2,2,1,sydney
https://www.realestate.com.au/property-apartment-nsw-sydney-425611422,"Level 13/289 Sussex Street, Sydney, NSW 2000",$850,850.0,2,2,1,sydney
https://www.realestate.com.au/property-apartment-nsw-sydney-425600622,"813/35 Shelley Street, Sydney, NSW 2000",$850.00 per week,425.0,2,2,1,sydney
https://www.realestate.com.au/property-apartment-nsw-sydney-425598582,"15/515 Kent Street, Sydney, NSW 2000",$850 - 880 per week,865.0,2,2,1,sydney
https://www.realestate.com.au/property-apartment-nsw-sydney-425583974,"101 Bathurst St, Sydney, NSW 2000",Level 21 | $850 PW,435.5,1,1,1,sydney
https://www.realestate.com.au/property-apartment-nsw-sydney-425582870,"502/281 Elizabeth, Sydney, NSW 2000",$900,900.0,2,2,0,sydney
https://www.realestate.com.au/property-apartment-nsw-sydney-414780419,"39/414-416 Pitt Street, Sydney, NSW 2000",$850 per Week,850.0,2,2,1,sydney
https://www.realestate.com.au/property-apartment-nsw-sydney-425535130,"161 Kent Street, Sydney, NSW 2000",$895 PW,895.0,1,2,1,sydney
https://www.realestate.com.au/property-flat-nsw-sydney-425522262,"56/336 Sussex Street, Sydney, NSW 2000",DEPOSIT TAKEN,,2,1,1,sydney
https://www.realestate.com.au/property-apartment-nsw-sydney-425251714,"361 Sussex Street, Sydney, NSW 2000",$850 per week,850.0,2,2,0,sydney
https://www.realestate.com.au/property-apartment-nsw-sydney-425160758,"3405/68-70 Market Street, Sydney, NSW 2000",LEASED,,1,1,1,sydney
https://www.realestate.com.au/property-apartment-nsw-sydney-425073662,"Level 19/197 Castlereagh Street, Sydney, NSW...",$850,850.0,2,2,1,sydney
https://www.realestate.com.au/property-apartment-nsw-sydney-425062638,"323/158-166 Day Street, Sydney, NSW 2000",$850 - 900 per week,875.0,2,2,1,sydney
https://www.realestate.com.au/property-apartment-nsw-sydney-424722814,"Level 19/197 Castlereagh Street, Sydney, NSW...",$850,850.0,2,2,1,sydney
https://www.realestate.com.au/property-apartment-nsw-haymarket-423475994,"3142/65 Tumbalong Boulevard, Haymarket, NSW 2000",...$850 per week,850.0,1,1,0,sydney
https://www.realestate.com.au/property-apartment-nsw-sydney-404300111,"00 Sussex Street, Sydney, NSW 2000",$850 p.w. - $1100 p.w.,975.0,1,1,0,sydney
https://www.realestate.com.au/property-apartment-nsw-sydney-404199619,"504/132 Sussex Street, Sydney, NSW 2000",$850 p.w.,850.0,1,1,0,sydney
https://www.realestate.com.au/property-apartment-nsw-sydney-425686578,"64/515 Kent Street, Sydney, NSW 2000",$870 Per Week,870.0,2,2,1,sydney
https://www.realestate.com.au/property-apartment-nsw-sydney-422628342,"101 Bathurst St, Sydney, NSW 2000",Level 34 | $870 PW,452.0,1,1,1,sydney
https://www.realestate.com.au/property-unit-nsw-sydney-424413214,"2/161 Clarence Street, Sydney, NSW 2000",From $875.00 Per Week,437.5,2,2,1,sydney
https://www.realestate.com.au/property-apartment-nsw-sydney-422499518,"1907/348 Sussex Street, Sydney, NSW 2000",...Week Fully Furnished,,2,1,1,sydney
https://www.realestate.com.au/property-apartment-nsw-sydney-425543010,"1319/28 Harbour St, Sydney, NSW 2000",$880 per week,880.0,2,2,1,sydney
https://www.realestate.com.au/property-apartment-nsw-sydney-425519634,"127 Kent Street, Sydney, NSW 2000",$880,880.0,1,1,0,sydney
https://www.realestate.com.au/property-apartment-nsw-sydney-425476370,"361 Sussex Street, Sydney, NSW 2000",$880 per week,880.0,2,2,1,sydney
https://www.realestate.com.au/property-apartment-nsw-haymarket-425417250,"S806/178 Thomas Street, Haymarket, NSW 2000",DEPOSIT TAKEN,,2,2,1,sydney
https://www.realestate.com.au/property-apartment-nsw-sydney-425306642,"45 Shelley Street, Sydney, NSW 2000",$880 per week,880.0,2,2,1,sydney
https://www.realestate.com.au/property-apartment-nsw-sydney-425549106,"1807/28 Harbour Street, Sydney, NSW 2000",$890 per week,890.0,2,2,1,sydney
https://www.realestate.com.au/property-apartment-nsw-haymarket-425382562,"271/303 Castlereagh Street, Haymarket, NSW 2000",$890 per week,890.0,2,2,1,sydney
https://www.realestate.com.au/property-apartment-nsw-sydney-425346442,"254/158 Day Street, Sydney, NSW 2000",$890 per week,890.0,2,2,1,sydney
https://www.realestate.com.au/property-apartment-nsw-sydney-425555830,"38 Bridge, Sydney, NSW 2000",$895,895.0,2,2,0,sydney
https://www.realestate.com.au/property-apartment-nsw-sydney-425327830,"9/44 Bridge Street, Sydney, NSW 2000",$895 Per Week,895.0,1,2,0,sydney
https://www.realestate.com.au/property-apartment-nsw-sydney-425668182,"365 Kent Street, Sydney, NSW 2000",$900 per week,900.0,2,2,0,sydney
https://www.realestate.com.au/property-apartment-nsw-sydney-425668170,"365 Kent Street, Sydney, NSW 2000",$900 per week,900.0,2,2,0,sydney
https://www.realestate.com.au/property-apartment-nsw-sydney-425668126,"365 Kent Street, Sydney, NSW 2000",$900 per week,900.0,2,2,0,sydney
https://www.realestate.com.au/property-apartment-nsw-sydney-425628606,"3303/199 Castlereagh Street, Sydney, NSW 2000",$900 per week,900.0,2,1,1,sydney
https://www.realestate.com.au/property-apartment-nsw-sydney-425589586,"129 Harrington Street, Sydney, NSW 2000",$950 PW,950.0,1,1,1,sydney
https://www.realestate.com.au/property-apartment-nsw-the+rocks-425576978,"171 Gloucester Street, The Rocks, NSW 2000",$900,900.0,1,2,1,sydney
https://www.realestate.com.au/property-apartment-nsw-sydney-425541366,"26/19-25 Market Street, Sydney, NSW 2000",$900 per week (Fully Furnished),900.0,2,2,0,sydney
https://www.realestate.com.au/property-apartment-nsw-sydney-425530674,"1305/38 YORK STREET, Sydney, NSW 2000",$900 per week,900.0,1,1,0,sydney
https://www.realestate.com.au/property-apartment-nsw-sydney-425483502,"38 York St, Sydney, NSW 2000",DEPOSIT TAKEN,,1,1,0,sydney
https://www.realestate.com.au/property-apartment-nsw-millers+point-425409630,"17A Dalgety Street, Millers Point, NSW 2000",$900,900.0,2,1,0,sydney
https://www.realestate.com.au/property-apartment-nsw-haymarket-425352122,"3308/65 Tumbalong Boulevard, Haymarket, NSW 2000",DEPOSIT TAKEN,,2,2,0,sydney
https://www.realestate.com.au/property-apartment-nsw-sydney-425277350,"52/515 Kent Street, Sydney, NSW 2000",$950,950.0,2,2,1,sydney
https://www.realestate.com.au/property-apartment-nsw-sydney-422231550,"101 Bathurst St, Sydney, NSW 2000",Level 27 | $900 PW,463.5,1,1,1,sydney
https://www.realestate.com.au/property-apartment-nsw-haymarket-425157674,"Level 30/65 Tumbalong Boulevard, Haymarket,...",DEPOSIT TAKEN,,2,2,0,sydney
https://www.realestate.com.au/property-apartment-nsw-haymarket-425123382,"290/303-307 Castlereagh Street, Haymarket,...",$900 Per Week,900.0,2,2,1,sydney
https://www.realestate.com.au/property-apartment-nsw-sydney-424946062,"129 Harrington Street, Sydney, NSW 2000",DEPOSIT TAKEN,,1,1,1,sydney
https://www.realestate.com.au/property-apartment-nsw-sydney-424520342,"3175/65  Tumbalong Boulevard, Sydney, NSW 2000",...(Leasing Specialist,,2,1,1,sydney
https://www.realestate.com.au/property-apartment-nsw-haymarket-425349406,"1112/1 Steam Mill Lane, Haymarket, NSW 2000",Deposit Taken,,2,2,1,sydney
https://www.realestate.com.au/property-apartment-nsw-sydney-424946538,"902/29 Commonwealth Street, Sydney, NSW 2000",$920 per week,920.0,2,2,1,sydney
https://www.realestate.com.au/property-apartment-nsw-sydney-425557698,"129 Harrington Street, Sydney, NSW 2000",DEPOSIT TAKEN,,1,1,1,sydney
https://www.realestate.com.au/property-apartment-nsw-sydney-425532938,"11 Alberta Street, Sydney, NSW 2000",DEPOSIT TAKEN - INSPECTIONS CANCELLED,,2,2,1,sydney
https://www.realestate.com.au/property-apartment-nsw-sydney-425478550,"4303/343 Pitt Street, Sydney, NSW 2000",$925 per Week,925.0,2,2,1,sydney
https://www.realestate.com.au/property-apartment-nsw-sydney-425543486,"1811/28 Harbour St, Sydney, NSW 2000",Fully Furnished $930,930.0,2,2,0,sydney
https://www.realestate.com.au/property-apartment-nsw-sydney-425200930,"Lv21 /569 George St, Sydney, NSW 2000",$950 Per Week Furnished,950.0,2,2,1,sydney
https://www.realestate.com.au/property-apartment-nsw-sydney-425681206,"168 Kent Street, Sydney, NSW 2000",$950,950.0,2,2,1,sydney
https://www.realestate.com.au/property-apartment-nsw-sydney-425668198,"365 Kent Street, Sydney, NSW 2000",$950 per week,950.0,2,2,1,sydney
https://www.realestate.com.au/property-apartment-nsw-sydney-425667002,"44 Bridge Street, Sydney, NSW 2000",$950 Per Week,950.0,2,2,0,sydney
https://www.realestate.com.au/property-apartment-nsw-sydney-425640742,"101 Bathurst St, Sydney, NSW 2000",Level 23 | $950 PW,486.5,1,1,1,sydney
https://www.realestate.com.au/property-apartment-nsw-sydney-425630434,"3300/2-4  Cunningham Street, Sydney, NSW 2000",$950 per week,950.0,2,2,1,sydney
https://www.realestate.com.au/property-apartment-nsw-sydney-425615294,"Level 14/38 York Street, Sydney, NSW 2000",$1000 per week,1000.0,2,2,0,sydney
https://www.realestate.com.au/property-apartment-nsw-sydney-425611134,"Level 21/38 York Street, Sydney, NSW 2000",$1100 per week,1100.0,2,2,0,sydney
https://www.realestate.com.au/property-apartment-nsw-sydney-415346847,"3103/91-93 Liverpool St, Sydney, NSW 2000",$950 per week,950.0,2,2,1,sydney
https://www.realestate.com.au/property-apartment-nsw-sydney-425538754,"184/110 Sussex St, Sydney, NSW 2000",$950,950.0,2,2,0,sydney
https://www.realestate.com.au/property-apartment-nsw-sydney-425510854,"374/303 Castlereagh Street, Sydney, NSW 2000",$950 per week,950.0,2,2,2,sydney
https://www.realestate.com.au/property-apartment-nsw-sydney-420074394,"281-283 Elizabeth Street, Sydney, NSW 2000",Deposit Taken! $950,950.0,2,2,1,sydney
https://www.realestate.com.au/property-apartment-nsw-sydney-425456886,"3203/91 Liverpool Street, Sydney, NSW 2000",$950 Per Week,950.0,2,2,1,sydney
https://www.realestate.com.au/property-apartment-nsw-sydney-425444666,"Level 19/38 York Street, Sydney, NSW 2000",$1050 per week,1050.0,2,2,0,sydney
https://www.realestate.com.au/property-apartment-nsw-sydney-425433210,"68-70 Market St, Sydney, NSW 2000",$950,950.0,1,1,1,sydney
https://www.realestate.com.au/property-apartment-nsw-sydney-425145338,"35 Shelley Street, Sydney, NSW 2000",$950 p/week,950.0,2,3,0,sydney
https://www.realestate.com.au/property-apartment-nsw-sydney-424570574,"XXXX/188 Day Street, Sydney, NSW 2000",DEPOSIT RECEIVED,,2,2,0,sydney
https://www.realestate.com.au/property-apartment-nsw-sydney-417214182,"1403/11 Alberta Street, Sydney, NSW 2000",$950 per week,950.0,2,2,1,sydney
https://www.realestate.com.au/property-apartment-nsw-sydney-422757470,"403/4 Bridge Street, Sydney, NSW 2000",$950 p.w.,950.0,1,0,0,sydney
https://www.realestate.com.au/property-apartment-nsw-sydney-425525702,"46/12 Regent Street, Sydney, NSW 2000",$960 Per Week Furnished,960.0,2,2,0,sydney
https://www.realestate.com.au/property-apartment-nsw-sydney-425451998,"129 Harrington St, Sydney, NSW 2000",DEPOSIT TAKEN,,1,1,1,sydney
https://www.realestate.com.au/property-apartment-nsw-sydney-425583042,"35 Shelley Street, Sydney, NSW 2000",$975 p/week,975.0,2,2,0,sydney
https://www.realestate.com.au/property-apartment-nsw-sydney-425424778,"35 Shelley Street, Sydney, NSW 2000",$975,975.0,2,2,0,sydney
https://www.realestate.com.au/property-apartment-nsw-sydney-425690818,"129 Harrington St, Sydney, NSW 2000",$980,980.0,1,1,1,sydney
https://www.realestate.com.au/property-apartment-nsw-sydney-425585582,"35 Shelley Street, Sydney, NSW 2000",$980 p/week,980.0,2,2,0,sydney
https://www.realestate.com.au/property-apartment-nsw-sydney-425567098,"1 Steam Mill Lane, Sydney, NSW 2000",$980 per week,980.0,2,2,0,sydney
